case_id,task_id,seed,target_fe,true_fe,reported_fe,score,runtime_ratio,trace_bytes,all_pass
external-lshade101-sphere-20260741,sphere,20260741,5000,5000,5000,1.3430191274438098e-10,0.421502126,1382788,1
external-lshade101-sphere-20260742,sphere,20260742,5000,5000,5000,2.968130131550044e-11,1.074358589,1380821,1
external-lshade101-sphere-20260743,sphere,20260743,5000,5000,5000,1.2544754267293664e-11,1.457787015,1381589,1
external-lshade101-rosenbrock-20260741,rosenbrock,20260741,5000,5000,5000,3.0849927232870251,0.674867675,1314983,1
external-lshade101-rosenbrock-20260742,rosenbrock,20260742,5000,5000,5000,3.6941866953706288,1.137143368,1321370,1
external-lshade101-rosenbrock-20260743,rosenbrock,20260743,5000,5000,5000,4.0951481545698112,1.293544902,1323841,1
external-lshade101-rastrigin-20260741,rastrigin,20260741,5000,5000,5000,0.99555934095535292,1.020871296,1286973,1
external-lshade101-rastrigin-20260742,rastrigin,20260742,5000,5000,5000,0.011944692923947287,1.260144382,1277570,1
external-lshade101-rastrigin-20260743,rastrigin,20260743,5000,5000,5000,1.0221718327680946,1.397913371,1292785,1
